variable,count,mean,std,min,25%,50%,75%,max,original
dummy1,1000.0,0.00038562678216179434,0.010058667496126227,-0.0301035065165962,-0.0062025047433075745,0.00014670397709745,0.007194710100018,0.0380939704116087,0.0134944838259087
dummy2,1000.0,0.0002874952054751833,0.009883974205583273,-0.033714612272206,-0.006285412194245,0.00047967372587805,0.00695874691207615,0.0293654267604352,-0.0054247515794259
x1,1000.0,0.11837750462560884,2.9029891860966,-7.88551358288759,-1.783258985092643,-0.06526702027754715,1.928186820701202,28.208794228112133,28.208794228112133
x2,1000.0,0.30982007944299683,7.978394140911467,-20.486934897157724,-4.976226426945678,0.6109921881006968,5.524882593192152,75.05197706646484,75.05197706646484
x3,1000.0,0.0193859368009856,1.9751859158659197,-5.469609039532884,-1.3443946772732644,-0.01719561740527405,1.3649788743335316,17.753719755825927,17.753719755825927
